id,area,title,rank,type
1,综合,SCIENCE,顶级,综合
2,综合,NATURE,顶级,综合
3,综合,CELL,顶级,综合
4,综合,LANCET,顶级,综合
1,综合,《SCIENCE》子刊,A+++,综合
2,综合,《NATURE》子刊,A+++,综合
3,综合,《CELL》子刊,A+++,综合
4,综合,《LANCET》子刊,A+++,综合
5,综合,PROCEEDINGS OF THE NATIONAL ACADEMY OF SCIENCES OF THE UNITED STATES OF AMERICA(PNAS),A+++,综合
6,综合,与《SCIENCE》、《NATURE》、《CELL》、《LANCET》子刊以及《PNAS》等影响力相当的其他期刊，视为A+++期刊,A+++,综合
1,法学,CALIFORNIA LAW REVIEW,A+++,社科类
2,法学,COLUMBIA LAW REVIEW,A+++,社科类
3,法学,CORNELL LAW REVIEW,A+++,社科类
4,法学,GEORGETOWN LAW JOURNAL,A+++,社科类
5,法学,HARVARD LAW REVIEW,A+++,社科类
6,法学,MICHIGAN LAW REVIEW,A+++,社科类
7,法学,STANFORD LAW REVIEW,A+++,社科类
8,法学,TEXAS LAW REVIEW,A+++,社科类
9,法学,UNIVERSITY OF PENNSYLVANIA LAW REVIEW,A+++,社科类
10,法学,YALE LAW JOURNAL,A+++,社科类
11,工商管理,ACADEMY OF MANAGEMENT JOURNAL,A+++,社科类
12,工商管理,ACADEMY OF MANAGEMENT REVIEW,A+++,社科类
13,工商管理,JOURNAL OF ACCOUNTING AND ECONOMICS,A+++,社科类
14,工商管理,JOURNAL OF ACCOUNTING RESEARCH,A+++,社科类
15,工商管理,JOURNAL OF CONSUMER RESEARCH,A+++,社科类
16,工商管理,JOURNAL OF INTERNATIONAL BUSINESS STUDIES,A+++,社科类
17,工商管理,JOURNAL OF MARKETING,A+++,社科类
18,工商管理,JOURNAL OF MARKETING RESEARCH,A+++,社科类
19,工商管理,MARKETING SCIENCE,A+++,社科类
20,工商管理,ORGANIZATION SCIENCE,A+++,社科类
21,工商管理,STRATEGIC MANAGEMENT JOURNAL,A+++,社科类
22,工商管理,ACCOUNTING REVIEW,A+++,社科类
23,公共管理,ADMINISTRATIVE SCIENCE QUARTERLY,A+++,社科类
24,公共管理,AMERICAN JOURNAL OF POLITICAL SCIENCE,A+++,社科类
25,公共管理,AMERICAN POLITICAL SCIENCE REVIEW,A+++,社科类
26,公共管理,GOVERNANCE-AN INTERNATIONAL JOURNAL OF POLICY ADMINISTRATION AND INSTITUTIONS,A+++,社科类
27,公共管理,INTERNATIONAL ORGANIZATION,A+++,社科类
28,公共管理,JOURNAL OF POLICY ANALYSIS AND ANAGEMENT,A+++,社科类
29,公共管理,JOURNAL OF PUBLIC ADMINISTRATION RESEARCH & THEORY,A+++,社科类
30,公共管理,PUBLIC ADMINISTRATION REVIEW,A+++,社科类
31,公共管理,PUBLIC ADMINISTRATION: AN NTERNATIONAL QUARTERLY,A+++,社科类
32,公共管理,WORLD POLITICS,A+++,社科类
33,管理科学与工程,INFORMATION SYSTEMS RESEARCH,A+++,社科类
34,管理科学与工程,INFORMS JOURNAL ON COMPUTING,A+++,社科类
35,管理科学与工程,JOURNAL OF OPERATIONS MANAGEMENT,A+++,社科类
36,管理科学与工程,MANAGEMENT SCIENCE,A+++,社科类
37,管理科学与工程,M&SOM-MANUFACTURING & SERVICEOPERATIONS MANAGEMENT,A+++,社科类
38,管理科学与工程,MIS QUARTERLY,A+++,社科类
39,管理科学与工程,OPERATIONS RESEARCH,A+++,社科类
40,管理科学与工程,PRODUCTION AND OPERATIONS MANAGEMENT,A+++,社科类
41,经济学,AMERICAN ECONOMIC REVIEW,A+++,社科类
42,经济学,ECONOMETRICA,A+++,社科类
43,经济学,JOURNAL OF FINANCE,A+++,社科类
44,经济学,JOURNAL OF FINANCIAL ECONOMICS,A+++,社科类
45,经济学,JOURNAL OF POLITICAL ECONOMY,A+++,社科类
46,经济学,QUARTERLY JOURNAL OF ECONOMICS,A+++,社科类
47,经济学,REVIEW OF ECONOMIC STUDIES,A+++,社科类
48,经济学,THE REVIEW OF FINANCIAL STUDIES,A+++,社科类
49,历史学,AMERICAN HISTORICAL REVIEW,A+++,社科类
50,历史学,CLIOMETRICA,A+++,社科类
51,历史学,COMPARATIVE STUDIES IN SOCIETY AND HISTORY,A+++,社科类
52,历史学,ENVIRONMENT AND HISTORY,A+++,社科类
53,历史学,JOURNAL OF GLOBAL HISTORY,A+++,社科类
54,社会学,AMERICAN JOURNAL OF SOCIOLOGY,A+++,社科类
55,社会学,AMERICAN SOCIOLOGICAL REVIEW,A+++,社科类
56,社会学,ANNUAL REVIEW OF SOCIOLOGY,A+++,社科类
57,统计学,ANNALS OF APPLIED PROBABILITY,A+++,社科类
58,统计学,ANNALS OF PROBABILITY,A+++,社科类
59,统计学,ANNALS OF STATISTICS,A+++,社科类
60,统计学,BIOMETRIKA,A+++,社科类
61,统计学,JOURNAL OF THE AMERICAN STATISTICAL ASSOCIATION,A+++,社科类
62,统计学,JOURNAL OF THE ROYAL STATISTICAL SOCIETY SERIES A-STATISTICS IN SOCIETY,A+++,社科类
63,统计学,JOURNAL OF THE ROYAL STATISTICAL SOCIETY SERIES C-APPLIED STATISTICS,A+++,社科类
64,统计学,JOURNAL OF THE ROYAL STATISTICAL SOCIETY SERIES B-STATISTICAL METHODOLOGY,A+++,社科类
65,统计学,REVIEW OF ECONOMICS AND STATISTICS,A+++,社科类
66,心理学,ANNUAL REVIEW OF PSYCHOLOGY,A+++,社科类
67,心理学,COGNITIVE PSYCHOLOGY,A+++,社科类
68,艺术学,ART BULLETIN,A+++,社科类
69,艺术学,DESIGN ISSUES,A+++,社科类
70,艺术学,JOURNAL OF NEW MUSIC RESEARCH,A+++,社科类
71,艺术学,JOURNAL OF VISUAL CULTURE,A+++,社科类
72,艺术学,MUSIC PERCEPTION,A+++,社科类
73,语言学,APPLIED LINGUISTICS,A+++,社科类
74,语言学,BILINGUALISM-LANGUAGE AND COGNITION,A+++,社科类
75,语言学,LANGUAGE AND SPEECH,A+++,社科类
76,语言学,LANGUAGE LEARNING,A+++,社科类
77,语言学,RESEARCH ON LANGUAGE AND SOCIAL INTERACTION,A+++,社科类
78,哲学,PHILOSOPHICAL REVIEW,A+++,社科类
1,食品科学与工程,JOURNAL OF THE AMERICAN CHEMICAL SOCIETY,A+++,理工类
2,食品科学与工程,ACS NANO,A+++,理工类
3,食品科学与工程,PLOS BIOLOGY,A+++,理工类
4,食品科学与工程,ANALYTICAL CHEMISTRY,A+++,理工类
5,食品科学与工程,ADVANCED FUNCTIONAL MATERIALS,A+++,理工类
6,食品科学与工程,MICROBIOME,A+++,理工类
7,食品科学与工程,SENSORS AND ACTUATORS B-CHEMICAL,A+++,理工类
8,食品科学与工程,GUT MICROBES,A+++,理工类
9,食品科学与工程,CRITICAL REVIEWS IN FOOD SCIENCE AND NUTRITION,A+++,理工类
10,食品科学与工程,COMPREHENSIVE REVIEWS IN FOOD SCIENCE AND FOOD SAFETY,A+++,理工类
11,环境科学与工程,ENVIRONMENTAL SCIENCE & TECHNOLOGY,A+++,理工类
12,环境科学与工程,WATER RESEARCH,A+++,理工类
13,环境科学与工程,ENERGY & ENVIRONMENTAL SCIENCE,A+++,理工类
14,环境科学与工程,APPLIED CATALYSIS B-ENVIRONMENTAL,A+++,理工类
15,环境科学与工程,ENVIRONMENT INTERNATIONAL,A+++,理工类
16,环境科学与工程,SOIL BIOLOGY & BIOCHEMISTRY,A+++,理工类
17,环境科学与工程,ENVIRONMENTAL HEALTH PERSPECTIVES,A+++,理工类
18,环境科学与工程,APPLIED ENERGY,A+++,理工类
19,环境科学与工程,NANO LETTERS,A+++,理工类
20,环境科学与工程,ECOLOGY LETTERS,A+++,理工类
21,信息与通信工程,IEEE JOURNAL ON SELECTED AREAS IN COMMUNICATIONS,A+++,理工类
22,信息与通信工程,IEEE TRANSACTIONS ON PATTERN ANALYSIS AND MACHINE INTELLIGENCE,A+++,理工类
23,信息与通信工程,IEEE TRANSACTIONS ON WIRELESS COMMUNICATIONS,A+++,理工类
24,信息与通信工程,IEEE TRANSACTIONS ON MOBILE COMPUTING,A+++,理工类
25,信息与通信工程,IEEE TRANSACTIONS ON INFORMATION THEORY,A+++,理工类
26,信息与通信工程,IEEE-ACM TRANSACTIONS ON NETWORKING,A+++,理工类
27,信息与通信工程,IEEE TRANSACTIONS ON AUTOMATIC CONTROL,A+++,理工类
28,信息与通信工程,IEEE TRANSACTIONS ON SIGNAL PROCESSING,A+++,理工类
29,信息与通信工程,IEEE COMMUNICATIONS SURVEYS AND TUTORIALS,A+++,理工类
30,物理学,PHYSICAL REVIEW LETTERS,A+++,理工类
31,物理学,APPLIED PHYSICS REVIEWS,A+++,理工类
32,物理学,PHYSICAL REVIEW X,A+++,理工类
33,物理学,PHYSICAL REVIEW B,A+++,理工类
34,计算机科学技术,IEEE TRANSACTIONS ON COMPUTERS,A+++,理工类
35,计算机科学技术,IEEE TRANSACTIONS ON INFORMATION FORENSICS AND SECURITY,A+++,理工类
36,计算机科学技术,IEEE TRANSACTIONS ON SOFTWARE ENGINEERING,A+++,理工类
37,计算机科学技术,IEEE TRANSACTIONS ON PARALLEL AND DISTRIBUTED SYSTEMS,A+++,理工类
38,计算机科学技术,VLDB JOURNAL,A+++,理工类
39,计算机科学技术,PROCEEDINGS OF THE IEEE,A+++,理工类
40,计算机科学技术,ACM TRANSACTIONS ON GRAPHICS,A+++,理工类
41,计算机科学技术,IEEE TRANSACTIONS ON IMAGE PROCESSING,A+++,理工类
42,计算机科学技术,ACM TRANSACTIONS ON COMPUTER-HUMAN INTERACTION,A+++,理工类
43,计算机科学技术,ACM TRANSACTIONS ON DATABASE SYSTEMS,A+++,理工类
44,数学,ACTA MATHEMATICA,A+++,理工类
45,数学,COMMUNICATIONS ON PURE AND APPLIED MATHEMATICS,A+++,理工类
46,数学,INVENTIONES MATHEMATICAE,A+++,理工类
47,数学,JOURNAL OF THE AMERICAN MATHEMATICAL SOCIETY,A+++,理工类
48,数学,SIAM REVIEW,A+++,理工类
1,法学,DUKE LAW JOURNAL,A++,社科类
2,法学,JOURNAL OF CRIMINAL LAW & CRIMINOLOGY,A++,社科类
3,法学,NEW YORK UNIVERSITY LAW REVIEW,A++,社科类
4,法学,UCLA LAW REVIEW,A++,社科类
5,法学,VIRGINIA LAW REVIEW,A++,社科类
6,工商管理,ACADEMY OF MANAGEMENT PERSPECTIVES,A++,社科类
7,工商管理,"ACCOUNTING, ORGANIZATIONS AND SOCIETY",A++,社科类
8,工商管理,ANNALS OF TOURISM RESEARCH,A++,社科类
9,工商管理,BRITISH JOURNAL OF INDUSTRIAL RELATIONS,A++,社科类
10,工商管理,CONTEMPORARY ACCOUNTING RESEARCH,A++,社科类
11,工商管理,ENTREPRENEURSHIP THEORY AND PRACTICE,A++,社科类
12,工商管理,GLOBAL STRATEGY JOURNAL,A++,社科类
13,工商管理,HARVARD BUSINESS REVIEW,A++,社科类
14,工商管理,HUMAN RELATIONS,A++,社科类
15,工商管理,HUMAN RESOURCE MANAGEMENT (USA),A++,社科类
16,工商管理,HUMAN RESOURCE MANAGEMENT JOURNAL(UK),A++,社科类
17,工商管理,INDUSTRIAL RELATIONS,A++,社科类
18,工商管理,INTERNATIONAL JOURNAL OF RESEARCH IN MARKETING,A++,社科类
19,工商管理,JOURNAL OF BUSINESS VENTURING,A++,社科类
20,工商管理,JOURNAL OF MANAGEMENT,A++,社科类
21,工商管理,JOURNAL OF MANAGEMENT STUDIES,A++,社科类
22,工商管理,JOURNAL OF PRODUCT INNOVATION MANAGEMENT,A++,社科类
23,工商管理,JOURNAL OF RETAILING,A++,社科类
24,工商管理,JOURNAL OF SERVICE RESEARCH,A++,社科类
25,工商管理,JOURNAL OF THE ACADEMY OF MARKETING SCIENCE,A++,社科类
26,工商管理,JOURNAL OF TRAVEL RESEARCH,A++,社科类
27,工商管理,JOURNAL OF WORLD BUSINESS,A++,社科类
28,工商管理,LEADERSHIP QUARTERLY,A++,社科类
29,工商管理,ORGANIZATION STUDIES,A++,社科类
30,工商管理,ORGANIZATIONAL RESEARCH METHODS,A++,社科类
31,工商管理,REVIEW OF ACCOUNTING STUDIES,A++,社科类
32,工商管理,SLOAN MANAGEMENT REVIEW,A++,社科类
33,工商管理,STRATEGIC ENTREPRENEURSHIP JOURNAL,A++,社科类
34,工商管理,TOURISM MANAGEMENT,A++,社科类
35,工商管理,"WORK, EMPLOYMENT AND SOCIETY",A++,社科类
36,公共管理,ANNUAL REVIEW OF POLITICAL SCIENCE,A++,社科类
37,公共管理,BRITISH JOURNAL OF MANAGEMENT,A++,社科类
38,公共管理,BUSINESS ETHICS QUARTERLY,A++,社科类
39,公共管理,CHINA JOURNAL,A++,社科类
40,公共管理,COMPARATIVE POLITICAL STUDIES,A++,社科类
41,公共管理,COMPARATIVE POLITICS,A++,社科类
42,公共管理,EUROPEAN JOURNAL OF POLITICAL ECONOMY,A++,社科类
43,公共管理,GOVERNMENT INFORMATION QUARTERLY,A++,社科类
44,公共管理,INTERNATIONAL STUDIES QUARTERLY,A++,社科类
45,公共管理,JOURNAL OF BUSINESS ETHICS,A++,社科类
46,公共管理,JOURNAL OF CONFLICT RESOLUTION,A++,社科类
47,公共管理,JOURNAL OF POLITICS,A++,社科类
48,公共管理,LANDSCAPE AND URBAN PLANNING,A++,社科类
49,公共管理,NEW POLITICAL ECONOMY,A++,社科类
50,公共管理,PERSPECTIVES ON POLITICS,A++,社科类
51,公共管理,POLICY SCIENCES,A++,社科类
52,公共管理,POLITICAL ANALYSIS,A++,社科类
53,公共管理,PUBLIC MANAGEMENT REVIEW,A++,社科类
54,公共管理,PUBLIC OPINION QUARTERLY,A++,社科类
55,公共管理,REGIONAL STUDIES,A++,社科类
56,公共管理,REGULATION & GOVERNANCE,A++,社科类
57,公共管理,RESEARCH POLICY,A++,社科类
58,公共管理,THE CHINA QUARTERLY,A++,社科类
59,公共管理,WORLD DEVELOPMENT,A++,社科类
60,公共管理,JOURNAL OF ENVIRONMENTAL PSYCHOLOGY,A++,社科类
61,公共管理,LAND USE POLICY,A++,社科类
62,管理科学与工程,EUROPEAN JOURNAL OF INFORMATION SYSTEMS,A++,社科类
63,管理科学与工程,EUROPEAN JOURNAL OF OPERATIONAL RESEARCH,A++,社科类
64,管理科学与工程,IEEE TRANSACTIONS ON EVOLUTIONARY COMPUTATION,A++,社科类
65,管理科学与工程,INFORMATION SYSTEMS JOURNAL,A++,社科类
66,管理科学与工程,INTERNATIONAL JOURNAL OF OPERATIONS AND PRODUCTION MANAGEMENT,A++,社科类
67,管理科学与工程,JOURNAL OF INFORMATION TECHNOLOGY,A++,社科类
68,管理科学与工程,JOURNAL OF MANAGEMENT INFORMATION SYSTEMS,A++,社科类
69,管理科学与工程,JOURNAL OF STRATEGIC INFORMATION SYSTEMS,A++,社科类
70,管理科学与工程,JOURNAL OF SUPPLY CHAIN MANAGEMENT,A++,社科类
71,管理科学与工程,JOURNAL OF THE ASSOCIATION FOR INFORMATION SYSTEMS,A++,社科类
72,管理科学与工程,MATHEMATICAL PROGRAMMING,A++,社科类
73,管理科学与工程,"TRANSPORTATION RESEARCH, SERIES B: METHODOLOGICAL",A++,社科类
74,经济学,AMERICAN ECONOMIC JOURNAL: APPLIED ECONOMICS,A++,社科类
75,经济学,AMERICAN ECONOMIC JOURNAL: MACROECONOMICS,A++,社科类
76,经济学,ECONOMETRIC THEORY,A++,社科类
77,经济学,ECONOMIC JOURNAL,A++,社科类
78,经济学,INTERNATIONAL ECONOMIC REVIEW,A++,社科类
79,经济学,JOURNAL OF ECONOMETRICS,A++,社科类
80,经济学,JOURNAL OF ECONOMIC LITERATURE,A++,社科类
81,经济学,JOURNAL OF ECONOMIC PERSPECTIVES,A++,社科类
82,经济学,JOURNAL OF ECONOMIC THEORY,A++,社科类
83,经济学,JOURNAL OF FINANCIAL AND QUANTITATIVE ANALYSIS,A++,社科类
84,经济学,JOURNAL OF INTERNATIONAL ECONOMICS,A++,社科类
85,经济学,JOURNAL OF LABOR ECONOMICS,A++,社科类
86,经济学,JOURNAL OF MONETARY ECONOMICS,A++,社科类
87,经济学,JOURNAL OF THE EUROPEAN ECONOMIC ASSOCIATION,A++,社科类
88,经济学,QUANTITATIVE ECONOMICS,A++,社科类
89,经济学,RAND JOURNAL OF ECONOMICS,A++,社科类
90,经济学,REVIEW OF FINANCE,A++,社科类
91,经济学,THEORETICAL ECONOMICS,A++,社科类
92,经济学,JOURNAL OF ECONOMIC GEOGRAPHY,A++,社科类
93,经济学,ECONOMIC GEOGRAPHY,A++,社科类
94,经济学,JOURNAL OF CORPORATE FINANCE,A++,社科类
95,经济学,JOURNAL OF FINANCIAL INTERMEDIATION,A++,社科类
96,经济学,"JOURNAL OF MONEY, CREDIT AND BANKING",A++,社科类
97,社会学,BRITISH JOURNAL OF SOCIOLOGY,A++,社科类
98,社会学,ENVIRONMENT AND PLANNING D: SOCIETY AND SPACE,A++,社科类
99,社会学,EUROPEAN SOCIOLOGICAL REVIEW,A++,社科类
100,社会学,FOREIGN AFFAIRS,A++,社科类
101,社会学,INTERNATIONAL SECURITY,A++,社科类
102,社会学,JOURNAL OF MARRIAGE AND FAMILY,A++,社科类
103,社会学,MARINE POLICY,A++,社科类
104,社会学,REVIEW OF INTERNATIONAL POLITICAL ECONOMY,A++,社科类
105,社会学,SOCIAL FORCES,A++,社科类
106,社会学,SOCIAL NETWORKS,A++,社科类
107,社会学,SOCIAL SCIENCE AND MEDICINE,A++,社科类
108,社会学,SOCIOLOGICAL METHODOLOGY,A++,社科类
109,社会学,SOCIOLOGICAL METHODS & RESEARCH,A++,社科类
110,社会学,SOCIOLOGICAL THEORY,A++,社科类
111,社会学,SOCIOLOGY,A++,社科类
112,社会学,SOCIOLOGY OF HEALTH AND ILLNESS,A++,社科类
113,统计学,ANNALS OF APPLIED STATISTICS,A++,社科类
114,统计学,BERNOULLI,A++,社科类
115,统计学,BIOMETRICS,A++,社科类
116,统计学,BIOSTATISTICS,A++,社科类
117,统计学,FINANCE AND STOCHASTICS,A++,社科类
118,统计学,INSURANCE MATHEMATICS & ECONOMICS,A++,社科类
119,统计学,INTERNATIONAL STATISTICAL REVIEW,A++,社科类
120,统计学,JOURNAL OF BUSINESS & ECONOMIC STATISTICS,A++,社科类
121,统计学,JOURNAL OF COMPUTATIONAL AND GRAPHICAL STATISTICS,A++,社科类
122,统计学,OXFORD BULLETIN OF ECONOMICS AND STATISTICS,A++,社科类
123,统计学,PROBABILITY THEORY AND RELATED FIELDS,A++,社科类
124,统计学,RISK ANALYSIS,A++,社科类
125,统计学,SCANDINAVIAN JOURNAL OF STATISTICS,A++,社科类
126,统计学,STATISTICA SINICA,A++,社科类
127,统计学,STATISTICS AND COMPUTING,A++,社科类
128,统计学,STATISTICS IN MEDICINE,A++,社科类
129,统计学,TECHNOMETRICS,A++,社科类
130,统计学,TEST,A++,社科类
131,统计学,INTERNATIONAL JOURNAL OF FORECASTING,A++,社科类
132,统计学,SURVEY RESEARCH METHODS,A++,社科类
133,心理学,APPLIED PSYCHOLOGY-AN INTERNATIONAL REVIEW-PSYCHOLOGIE APPLIQUEE-REVUE INTERNATIONALE,A++,社科类
134,心理学,COGNITION,A++,社科类
135,心理学,COMPUTERS IN HUMAN BEHAVIOR,A++,社科类
136,心理学,CYBERPSYCHOLOGY BEHAVIOR AND SOCIAL NETWORKING,A++,社科类
137,心理学,INTELLIGENCE,A++,社科类
138,心理学,JOURNAL OF APPLIED PSYCHOLOGY,A++,社科类
139,心理学,JOURNAL OF BEHAVIORAL DECISION MAKING,A++,社科类
140,心理学,JOURNAL OF COUNSELING PSYCHOLOGY,A++,社科类
141,心理学,JOURNAL OF EXPERIMENTAL SOCIAL PSYCHOLOGY,A++,社科类
142,心理学,JOURNAL OF HEALTH AND SOCIAL BEHAVIOR,A++,社科类
143,心理学,JOURNAL OF PERSONALITY AND SOCIAL PSYCHOLOGY,A++,社科类
144,心理学,JOURNAL OF VOCATIONAL BEHAVIOR,A++,社科类
145,心理学,ORGANIZATIONAL BEHAVIOR AND HUMAN DECISION PROCESSES,A++,社科类
146,心理学,PERSONALITY AND SOCIAL PSYCHOLOGY REVIEW,A++,社科类
147,心理学,PSYCHOLOGICAL SCIENCE,A++,社科类
148,哲学,ETHICS,A++,社科类
149,哲学,JOURNAL OF PHILOSOPHY,A++,社科类
150,哲学,MIND,A++,社科类
151,哲学,NOUS,A++,社科类
152,哲学,PHILOSOPHY AND PHENOMENOLOGICAL RESEARCH,A++,社科类
153,哲学,PHRONESIS,A++,社科类
154,哲学,POLITICAL PSYCHOLOGY,A++,社科类
1,理工类综合,《SCIENCE CHINA（系列）》,A++,理工类
2,食品科学与工程,POSTHARVEST BIOLOGY AND TECHNOLOGY,A++,理工类
3,食品科学与工程,MOLECULAR NUTRITION & FOOD RESEARCH,A++,理工类
4,食品科学与工程,BIOSENSORS & BIOELECTRONICS,A++,理工类
5,食品科学与工程,FOOD QUALITY AND PREFERENCE,A++,理工类
6,食品科学与工程,INNOVATIVE FOOD SCIENCE & EMERGING TECHNOLOGIES,A++,理工类
7,食品科学与工程,JOURNAL OF AGRICULTURAL AND FOOD CHEMISTRY,A++,理工类
8,食品科学与工程,FOOD & FUNCTION,A++,理工类
9,食品科学与工程,FOOD MICROBIOLOGY,A++,理工类
10,食品科学与工程,FOOD HYDROCOLLOIDS,A++,理工类
11,食品科学与工程,INTERNATIONAL JOURNAL OF FOOD MICROBIOLOGY,A++,理工类
12,环境科学与工程,CHEMICAL ENGINEERING JOURNAL,A++,理工类
13,环境科学与工程,JOURNAL OF HAZARDOUS MATERIALS,A++,理工类
14,环境科学与工程,BIORESOURCE TECHNOLOGY,A++,理工类
15,环境科学与工程,DESALINATION,A++,理工类
16,环境科学与工程,NANO ENERGY,A++,理工类
17,环境科学与工程,RENEWABLE & SUSTAINABLE ENERGY REVIEWS,A++,理工类
18,环境科学与工程,ENVIRONMENTAL POLLUTION,A++,理工类
19,环境科学与工程,SCIENCE OF THE TOTAL ENVIRONMENT,A++,理工类
20,环境科学与工程,WATER RESOURCES RESEARCH,A++,理工类
21,环境科学与工程,CHEMOSPHERE,A++,理工类
22,信息与通信工程,IEEE TRANSACTIONS ON COMMUNICATIONS,A++,理工类
23,信息与通信工程,IEEE JOURNAL OF SELECTED TOPICS IN SIGNAL PROCESSING,A++,理工类
24,信息与通信工程,IEEE TRANSACTIONS ON ROBOTICS,A++,理工类
25,信息与通信工程,ARTIFICIAL INTELLIGENCE,A++,理工类
26,信息与通信工程,IEEE TRANSACTIONS ON VEHICULAR TECHNOLOGY,A++,理工类
27,信息与通信工程,IEEE TRANSACTIONS ON NEURAL NETWORKS AND LEARNING SYSTEMS,A++,理工类
28,信息与通信工程,AUTOMATICA,A++,理工类
29,信息与通信工程,SIGNAL PROCESSING,A++,理工类
30,信息与通信工程,IEEE TRANSACTIONS ON INDUSTRIAL INFORMATICS,A++,理工类
31,物理学,LASER & PHOTONICS REVIEWS,A++,理工类
32,物理学,NATURE PHOTONICS,A++,理工类
33,物理学,PHYSICAL REVIEW A,A++,理工类
34,物理学,OPTICS EXPRESS,A++,理工类
35,计算机科学技术,ACM TRANSACTIONS ON COMPUTER SYSTEMS,A++,理工类
36,计算机科学技术,IEEE TRANSACTIONS ON SERVICES COMPUTING,A++,理工类
37,计算机科学技术,IEEE TRANSACTIONS ON DEPENDABLE AND SECURE COMPUTING,A++,理工类
38,计算机科学技术,JOURNAL OF CRYPTOLOGY,A++,理工类
39,计算机科学技术,ACM TRANSACTIONS ON PROGRAMMING LANGUAGES AND SYSTEMS,A++,理工类
40,计算机科学技术,ACM TRANSACTIONS ON SOFTWARE ENGINEERING AND METHODOLOGY,A++,理工类
41,计算机科学技术,JOURNAL OF THE ACM,A++,理工类
42,计算机科学技术,SIAM JOURNAL ON COMPUTING,A++,理工类
43,计算机科学技术,IEEE TRANSACTIONS ON VISUALIZATION AND COMPUTER GRAPHICS,A++,理工类
44,计算机科学技术,IEEE TRANSACTIONS ON KNOWLEDGE AND DATA ENGINEERING,A++,理工类
45,数学,ANNALS OF MATHEMATICS,A++,理工类
46,数学,PUBLICATIONS MATHEMATIQUES DE L IHES,A++,理工类
47,数学,ADVANCES IN MATHEMATICS,A++,理工类
48,数学,AMERICAN JOURNAL OF MATHEMATICS,A++,理工类
49,数学,ASTERISQUE,A++,理工类
1,法学,ADMINISTRATIVE LAW REVIEW,A+,社科类
2,法学,AMERICAN BUSINESS LAW JOURNAL,A+,社科类
3,法学,AMERICAN JOURNAL OF INTERNATIONAL LAW,A+,社科类
4,法学,ANNUAL REVIEW OF LAW AND SOCIAL SCIENCE,A+,社科类
5,法学,ANTITRUST LAW JOURNAL,A+,社科类
6,法学,BEHAVIORAL SCIENCES & THE LAW,A+,社科类
7,法学,COMMON MARKET LAW REVIEW,A+,社科类
8,法学,EUROPEAN CONSTITUTIONAL LAW REVIEW,A+,社科类
9,法学,EUROPEAN JOURNAL OF PSYCHOLOGY APPLIED TO LEGAL CONTEXT,A+,社科类
10,法学,GEORGE WASHINGTON LAW REVIEW,A+,社科类
11,法学,HARVARD ENVIRONMENTAL LAW REVIEW,A+,社科类
12,法学,JOURNAL OF EMPIRICAL LEGAL STUDIES,A+,社科类
13,法学,LAW & POLICY,A+,社科类
14,法学,LAW AND HUMAN BEHAVIOR,A+,社科类
15,法学,LEGAL AND CRIMINOLOGICAL PSYCHOLOGY,A+,社科类
16,法学,MINNESOTA LAW REVIEW,A+,社科类
17,法学,NORTHWESTERN UNIVERSITY LAW REVIEW,A+,社科类
18,法学,PSYCHOLOGY PUBLIC POLICY AND LAW,A+,社科类
19,法学,UNIVERSITY OF CHICAGO LAW REVIEW,A+,社科类
20,法学,VANDERBILT LAW REVIEW,A+,社科类
21,工商管理,ABACUS,A+,社科类
22,工商管理,ACCOUNTING AND BUSINESS RESEARCH,A+,社科类
23,工商管理,ACCOUNTING FORUM,A+,社科类
24,工商管理,ACCOUNTING HORIZONS,A+,社科类
25,工商管理,"ACCOUNTING, AUDITING AND ACCOUNTABILITY JOURNAL",A+,社科类
26,工商管理,AFRICAN AFFAIRS,A+,社科类
27,工商管理,ASIA PACIFIC JOURNAL OF MANAGEMENT,A+,社科类
28,工商管理,AUDITING,A+,社科类
29,工商管理,BEHAVIORAL RESEARCH IN ACCOUNTING,A+,社科类
30,工商管理,BRITISH ACCOUNTING REVIEW,A+,社科类
31,工商管理,BRITISH TAX REVIEW,A+,社科类
32,工商管理,CRITICAL PERSPECTIVES ON ACCOUNTING,A+,社科类
33,工商管理,ECONOMIC AND INDUSTRIAL DEMOCRACY,A+,社科类
34,工商管理,EUROPEAN ACCOUNTING REVIEW,A+,社科类
35,工商管理,EUROPEAN JOURNAL OF INDUSTRIAL RELATIONS,A+,社科类
36,工商管理,EUROPEAN JOURNAL OF MARKETING,A+,社科类
37,工商管理,FINANCIAL ACCOUNTABILITY AND MANAGEMENT,A+,社科类
38,工商管理,FOUNDATIONS AND TRENDS IN ACCOUNTING,A+,社科类
39,工商管理,GROUP AND ORGANIZATION MANAGEMENT,A+,社科类
40,工商管理,HUMAN RESOURCE MANAGEMENT REVIEW,A+,社科类
41,工商管理,ILR REVIEW,A+,社科类
42,工商管理,INDUSTRIAL LAW JOURNAL,A+,社科类
43,工商管理,INDUSTRIAL MARKETING MANAGEMENT,A+,社科类
44,工商管理,INDUSTRIAL RELATIONS JOURNAL,A+,社科类
45,工商管理,INDUSTRY AND INNOVATION,A+,社科类
46,工商管理,INTERNATIONAL BUSINESS REVIEW,A+,社科类
47,工商管理,INTERNATIONAL JOURNAL OF ACCOUNTING,A+,社科类
48,工商管理,INTERNATIONAL JOURNAL OF HUMAN RESOURCE MANAGEMENT,A+,社科类
49,工商管理,INTERNATIONAL MARKETING REVIEW,A+,社科类
50,工商管理,JOURNAL OF ACCOUNTING AND PUBLIC POLICY,A+,社科类
51,工商管理,JOURNAL OF ACCOUNTING LITERATURE,A+,社科类
52,工商管理,"JOURNAL OF ACCOUNTING, AUDITING AND FINANCE",A+,社科类
53,工商管理,JOURNAL OF ADVERTISING,A+,社科类
54,工商管理,JOURNAL OF ADVERTISING RESEARCH,A+,社科类
55,工商管理,JOURNAL OF BUSINESS FINANCE AND ACCOUNTING,A+,社科类
56,工商管理,JOURNAL OF COMMON MARKET STUDIES,A+,社科类
57,工商管理,JOURNAL OF INTERACTIVE MARKETING,A+,社科类
58,工商管理,"JOURNAL OF INTERNATIONAL ACCOUNTING, AUDITING AND TAXATION",A+,社科类
59,工商管理,JOURNAL OF INTERNATIONAL MANAGEMENT,A+,社科类
60,工商管理,JOURNAL OF INTERNATIONAL MARKETING,A+,社科类
61,工商管理,JOURNAL OF PUBLIC POLICY AND MARKETING,A+,社科类
62,工商管理,JOURNAL OF SUSTAINABLE TOURISM,A+,社科类
63,工商管理,JOURNAL OF TECHNOLOGY TRANSFER,A+,社科类
64,工商管理,JOURNAL OF THE AMERICAN TAXATION ASSOCIATION,A+,社科类
65,工商管理,MANAGEMENT ACCOUNTING RESEARCH,A+,社科类
66,工商管理,MANAGEMENT AND ORGANIZATION REVIEW,A+,社科类
67,工商管理,MANAGEMENT INTERNATIONAL REVIEW,A+,社科类
68,工商管理,MARKETING LETTERS,A+,社科类
69,工商管理,MARKETING THEORY,A+,社科类
70,工商管理,"NEW TECHNOLOGY, WORK AND EMPLOYMENT",A+,社科类
71,工商管理,ORGANIZATION,A+,社科类
72,工商管理,ORGANIZATION AND ENVIRONMENT,A+,社科类
73,工商管理,ORGANIZATIONAL DYNAMICS,A+,社科类
74,工商管理,PSYCHOLOGY AND MARKETING,A+,社科类
75,工商管理,QUANTITATIVE MARKETING AND ECONOMICS,A+,社科类
76,工商管理,R AND D MANAGEMENT,A+,社科类
77,工商管理,RESEARCH IN ORGANIZATIONAL BEHAVIOR,A+,社科类
78,工商管理,RESEARCH IN THE SOCIOLOGY OF ORGANIZATIONS,A+,社科类
79,工商管理,STRATEGIC ORGANIZATION,A+,社科类
80,工商管理,TECHNOLOGICAL FORECASTING AND SOCIAL CHANGE,A+,社科类
81,工商管理,TECHNOVATION,A+,社科类
82,工商管理,WORK AND OCCUPATIONS,A+,社科类
83,工商管理,JOURNAL OF BUSINESS RESEARCH,A+,社科类
84,工商管理,LONG RANGE PLANNING,A+,社科类
85,公共管理,CITIES: THE INTERNATIONAL JOURNAL OF URBAN POLICY AND PLANNING,A+,社科类
86,公共管理,CLIMATE POLICY,A+,社科类
87,公共管理,ECOLOGY AND SOCIETY,A+,社科类
88,公共管理,ELECTORAL STUDIES,A+,社科类
89,公共管理,ENVIRONMENT AND PLANNING C: GOVERNMENT AND POLICY,A+,社科类
90,公共管理,ENVIRONMENTAL POLITICS,A+,社科类
91,公共管理,EUROPEAN JOURNAL OF POLITICAL RESEARCH,A+,社科类
92,公共管理,EUROPEAN URBAN AND REGIONAL STUDIES,A+,社科类
93,公共管理,HABITAT INTERNATIONAL,A+,社科类
94,公共管理,INTERNATIONAL JOURNAL OF URBAN AND REGIONAL RESEARCH,A+,社科类
95,公共管理,JOURNAL OF ASIAN STUDIES,A+,社科类
96,公共管理,JOURNAL OF CONTEMPORARY ASIA,A+,社科类
97,公共管理,JOURNAL OF CONTEMPORARY CHINA,A+,社科类
98,公共管理,JOURNAL OF CONTINGENCIES AND CRISIS MANAGEMENT,A+,社科类
99,公共管理,JOURNAL OF DEMOCRACY,A+,社科类
100,公共管理,JOURNAL OF DEVELOPMENT STUDIES,A+,社科类
101,公共管理,JOURNAL OF EUROPEAN PUBLIC POLICY,A+,社科类
102,公共管理,JOURNAL OF SOCIAL POLICY,A+,社科类
103,公共管理,AMERICAN REVIEW OF PUBLIC ADMINISTRATION,A+,社科类
104,公共管理,NONPROFIT AND VOLUNTARY SECTOR QUARTERLY,A+,社科类
105,公共管理,PACIFIC AFFAIRS,A+,社科类
106,公共管理,POLICY AND POLITICS,A+,社科类
107,公共管理,POLICY STUDIES JOURNAL,A+,社科类
108,公共管理,POLITICAL BEHAVIOR,A+,社科类
109,公共管理,POLITICAL RESEARCH QUARTERLY,A+,社科类
110,公共管理,POLITICAL STUDIES,A+,社科类
111,公共管理,QUARTERLY JOURNAL OF POLITICAL SCIENCE,A+,社科类
112,公共管理,REVIEW OF POLICY RESEARCH,A+,社科类
113,公共管理,SCIENCE AND PUBLIC POLICY,A+,社科类
114,公共管理,SOCIAL POLICY AND SOCIETY,A+,社科类
115,公共管理,SOCIAL SCIENCE QUARTERLY,A+,社科类
116,公共管理,URBAN STUDIES,A+,社科类
117,公共管理,VOLUNTAS: INTERNATIONAL JOURNAL OF VOLUNTARY AND NONPROFIT ORGANIZATIONS,A+,社科类
118,管理科学与工程,ACM TRANSACTIONS ON MODELING AND COMPUTER SIMULATION,A+,社科类
119,管理科学与工程,ANNALS OF OPERATIONS RESEARCH,A+,社科类
120,管理科学与工程,COMPUTATIONAL OPTIMIZATION AND APPLICATIONS,A+,社科类
121,管理科学与工程,COMPUTERS AND OPERATIONS RESEARCH,A+,社科类
122,管理科学与工程,COMPUTERS IN INDUSTRY,A+,社科类
123,管理科学与工程,DECISION SCIENCES,A+,社科类
124,管理科学与工程,DECISION SUPPORT SYSTEMS,A+,社科类
125,管理科学与工程,EVOLUTIONARY COMPUTATION,A+,社科类
126,管理科学与工程,FUZZY OPTIMIZATION AND DECISION MAKING,A+,社科类
127,管理科学与工程,IEEE TRANSACTIONS ON ENGINEERING MANAGEMENT,A+,社科类
128,管理科学与工程,IIE TRANSACTIONS,A+,社科类
129,管理科学与工程,INFORMATION AND MANAGEMENT,A+,社科类
130,管理科学与工程,INFORMATION AND ORGANIZATION,A+,社科类
131,管理科学与工程,INFORMATION SOCIETY,A+,社科类
132,管理科学与工程,INFORMATION SYSTEMS FRONTIERS,A+,社科类
133,管理科学与工程,INFORMATION TECHNOLOGY AND PEOPLE,A+,社科类
134,管理科学与工程,INTERNATIONAL JOURNAL OF ELECTRONIC COMMERCE,A+,社科类
135,管理科学与工程,INTERNATIONAL JOURNAL OF PRODUCTION ECONOMICS,A+,社科类
136,管理科学与工程,INTERNATIONAL JOURNAL OF PRODUCTION RESEARCH,A+,社科类
137,管理科学与工程,INTERNET RESEARCH,A+,社科类
138,管理科学与工程,JOURNAL OF BUSINESS LOGISTICS,A+,社科类
139,管理科学与工程,JOURNAL OF COMPUTER-MEDIATED COMMUNICATION,A+,社科类
140,管理科学与工程,JOURNAL OF HEURISTICS,A+,社科类
141,管理科学与工程,JOURNAL OF OPTIMIZATION THEORY AND APPLICATIONS,A+,社科类
142,管理科学与工程,JOURNAL OF PURCHASING AND SUPPLY MANAGEMENT,A+,社科类
143,管理科学与工程,JOURNAL OF THE ASSOCIATION FOR INFORMATION SCIENCE AND TECHNOLOGY(JASIST),A+,社科类
144,管理科学与工程,JOURNAL OF THE OPERATIONAL RESEARCH SOCIETY,A+,社科类
145,管理科学与工程,MATHEMATICS OF OPERATIONS RESEARCH,A+,社科类
146,管理科学与工程,NAVAL RESEARCH LOGISTICS,A+,社科类
147,管理科学与工程,OMEGA,A+,社科类
148,管理科学与工程,OR SPECTRUM,A+,社科类
149,管理科学与工程,PRODUCTION PLANNING AND CONTROL,A+,社科类
150,管理科学与工程,RELIABILITY ENGINEERING AND SYSTEM SAFETY,A+,社科类
151,管理科学与工程,SIAM JOURNAL ON OPTIMIZATION,A+,社科类
152,管理科学与工程,SUPPLY CHAIN MANAGEMENT,A+,社科类
153,管理科学与工程,"TRANSPORTATION RESEARCH, PART A: POLICY AND PRACTICE",A+,社科类
154,管理科学与工程,"TRANSPORTATION RESEARCH, PART D:TRANSPORT AND ENVIRONMENT",A+,社科类
155,管理科学与工程,"TRANSPORTATION RESEARCH, PART E:LOGISTICS AND TRANSPORTATION REVIEW",A+,社科类
156,管理科学与工程,TRANSPORTATION SCIENCE,A+,社科类
157,经济学,AMERICAN ECONOMIC JOURNAL: ECONOMIC POLICY,A+,社科类
158,经济学,AMERICAN ECONOMIC REVIEW: INSIGHTS,A+,社科类
159,经济学,ANNUAL REVIEW OF ECONOMICS,A+,社科类
160,经济学,BROOKINGS PAPERS ON ECONOMIC ACTIVITY,A+,社科类
161,经济学,CAMBRIDGE JOURNAL OF ECONOMICS,A+,社科类
162,经济学,CANADIAN JOURNAL OF ECONOMICS,A+,社科类
163,经济学,ECOLOGICAL ECONOMICS,A+,社科类
164,经济学,ECONOMETRIC REVIEWS,A+,社科类
165,经济学,ECONOMETRICS JOURNAL,A+,社科类
166,经济学,ECONOMIC DEVELOPMENT AND CULTURAL CHANGE,A+,社科类
167,经济学,ECONOMIC INQUIRY,A+,社科类
168,经济学,ECONOMIC POLICY,A+,社科类
169,经济学,ECONOMIC THEORY,A+,社科类
170,经济学,ECONOMICA,A+,社科类
171,经济学,ECONOMICS LETTERS,A+,社科类
172,经济学,ENERGY ECONOMICS,A+,社科类
173,经济学,ENVIRONMENTAL AND RESOURCE ECONOMICS,A+,社科类
174,经济学,EUROPEAN ECONOMIC REVIEW,A+,社科类
175,经济学,EXPERIMENTAL ECONOMICS,A+,社科类
176,经济学,GAMES AND ECONOMIC BEHAVIOR,A+,社科类
177,经济学,HEALTH ECONOMICS (UNITED KINGDOM),A+,社科类
178,经济学,IMF ECONOMIC REVIEW,A+,社科类
179,经济学,INTERNATIONAL JOURNAL OF INDUSTRIAL ORGANIZATION,A+,社科类
180,经济学,JOURNAL OF APPLIED ECONOMETRICS,A+,社科类
181,经济学,JOURNAL OF COMPARATIVE ECONOMICS,A+,社科类
182,经济学,JOURNAL OF DEVELOPMENT ECONOMICS,A+,社科类
183,经济学,JOURNAL OF ECONOMIC BEHAVIOR AND ORGANIZATION,A+,社科类
184,经济学,JOURNAL OF ECONOMIC DYNAMICS AND CONTROL,A+,社科类
185,经济学,JOURNAL OF ECONOMIC GROWTH,A+,社科类
186,经济学,JOURNAL OF ENVIRONMENTAL ECONOMICS AND MANAGEMENT,A+,社科类
187,经济学,JOURNAL OF HEALTH ECONOMICS,A+,社科类
188,经济学,JOURNAL OF INDUSTRIAL ECONOMICS,A+,社科类
189,经济学,JOURNAL OF INSTITUTIONAL ECONOMICS,A+,社科类
190,经济学,JOURNAL OF LAW AND ECONOMICS,A+,社科类
191,经济学,"JOURNAL OF LAW, ECONOMICS, AND ORGANIZATION",A+,社科类
192,经济学,JOURNAL OF LEGAL STUDIES,A+,社科类
193,经济学,JOURNAL OF MATHEMATICAL ECONOMICS,A+,社科类
194,经济学,JOURNAL OF MULTIVARIATE ANALYSIS,A+,社科类
195,经济学,JOURNAL OF PUBLIC ECONOMICS,A+,社科类
196,经济学,JOURNAL OF RISK AND UNCERTAINTY,A+,社科类
197,经济学,JOURNAL OF THE ASSOCIATION OF ENVIRONMENTAL AND RESOURCE ECONOMISTS,A+,社科类
198,经济学,JOURNAL OF URBAN ECONOMICS,A+,社科类
199,经济学,OXFORD ECONOMIC PAPERS,A+,社科类
200,经济学,PUBLIC CHOICE,A+,社科类
201,经济学,REAL ESTATE ECONOMICS,A+,社科类
202,经济学,REVIEW OF ECONOMIC DYNAMICS,A+,社科类
203,经济学,REVIEW OF INCOME AND WEALTH,A+,社科类
204,经济学,SCANDINAVIAN JOURNAL OF ECONOMICS,A+,社科类
205,经济学,SOCIAL CHOICE AND WELFARE,A+,社科类
206,经济学,WORLD BANK ECONOMIC REVIEW,A+,社科类
207,经济学,JOURNAL OF PRODUCTIVITY ANALYSIS,A+,社科类
208,经济学,ECONOMIC SYSTEMS RESEARCH,A+,社科类
209,经济学,ECOLOGICAL INDICATORS,A+,社科类
210,经济学,ECONOMIC SYSTEMS,A+,社科类
211,经济学,EMPIRICAL ECONOMICS,A+,社科类
212,经济学,JOURNAL OF HUMAN RESOURCES,A+,社科类
213,经济学,AMERICAN JOURNAL OF AGRICULTURAL ECONOMICS,A+,社科类
214,经济学,JOURNAL OF ECONOMIC HISTORY,A+,社科类
215,经济学,HEALTH ECONOMICS,A+,社科类
216,经济学,JOURNAL OF POPULATION ECONOMICS,A+,社科类
217,经济学,JOURNAL OF BANKING AND FINANCE,A+,社科类
218,经济学,JOURNAL OF REGIONAL SCIENCE,A+,社科类
219,经济学,LAND ECONOMICS,A+,社科类
220,经济学,KYKLOS,A+,社科类
221,经济学,REGIONAL SCIENCE AND URBAN ECONOMICS,A+,社科类
222,经济学,LABOUR ECONOMICS,A+,社科类
223,经济学,JOURNAL OF AGRICULTURAL ECONOMICS,A+,社科类
224,经济学,EUROPEAN REVIEW OF AGRICULTURAL ECONOMICS,A+,社科类
225,经济学,JOURNAL OF EMPIRICAL FINANCE,A+,社科类
226,经济学,JOURNAL OF FINANCIAL ECONOMETRICS,A+,社科类
227,历史学,AUSTRALIAN JOURNAL OF POLITICS AND HISTORY,A+,社科类
228,历史学,CHAUCER REVIEW,A+,社科类
229,历史学,ECONOMIC HISTORY REVIEW,A+,社科类
230,历史学,ENVIRONMENTAL HISTORY,A+,社科类
231,历史学,ETHNOHISTORY,A+,社科类
232,历史学,FRENCH HISTORICAL STUDIES,A+,社科类
233,历史学,GESCHICHTE UND GESELLSCHAFT,A+,社科类
234,历史学,HISTORICAL METHODS,A+,社科类
235,历史学,HISTORY AND THEORY,A+,社科类
236,历史学,HISTORY OF POLITICAL THOUGHT,A+,社科类
237,历史学,HISTORY OF RELIGIONS,A+,社科类
238,历史学,INTERNATIONAL REVIEW OF SOCIAL HISTORY,A+,社科类
239,历史学,JOURNAL OF AMERICAN ETHNIC HISTORY,A+,社科类
240,历史学,JOURNAL OF AMERICAN FOLKLORE,A+,社科类
241,历史学,JOURNAL OF AMERICAN HISTORY,A+,社科类
242,历史学,JOURNAL OF IMPERIAL AND COMMONWEALTH HISTORY,A+,社科类
243,历史学,THE JOURNAL OF INTERDISCIPLINARY  ISTORY,A+,社科类
244,历史学,JOURNAL OF MEDIEVAL AND EARLY MODERN STUDIES,A+,社科类
245,历史学,JOURNAL OF MODERN HISTORY,A+,社科类
246,历史学,LATE IMPERIAL CHINA,A+,社科类
247,历史学,PAST & PRESENT,A+,社科类
248,历史学,SPECULUM-A JOURNAL OF MEDIEVAL STUDIES,A+,社科类
249,社会学,CHINESE JOURNAL OF INTERNATIONAL POLITICS,A+,社科类
250,社会学,CHINESE SOCIOLOGICAL REVIEW,A+,社科类
251,社会学,ECONOMY AND SOCIETY,A+,社科类
252,社会学,EUROPEAN JOURNAL OF INTERNATIONAL RELATIONS,A+,社科类
253,社会学,INTERNATIONAL AFFAIRS,A+,社科类
254,社会学,INTERNATIONAL POLITICAL SOCIOLOGY,A+,社科类
255,社会学,JOURNAL OF STRATEGIC STUDIES,A+,社科类
256,社会学,LAW & SOCIETY REVIEW,A+,社科类
257,社会学,MOBILIZATION,A+,社科类
258,社会学,POLITICS & SOCIETY,A+,社科类
259,社会学,RESEARCH IN SOCIAL STRATIFICATION AND MOBILITY,A+,社科类
260,社会学,REVIEW OF INTERNATIONAL ORGANIZATIONS,A+,社科类
261,社会学,RURAL SOCIOLOGY,A+,社科类
262,社会学,SECURITY DIALOGUE,A+,社科类
263,社会学,SECURITY STUDIES,A+,社科类
264,社会学,SOCIAL SCIENCE RESEARCH,A+,社科类
265,社会学,SOCIETY & NATURAL RESOURCES,A+,社科类
266,社会学,SOCIOLOGY-THE JOURNAL OF THE BRITISH SOCIOLOGICAL ASSOCIATION,A+,社科类
267,社会学,WORLD ECONOMY,A+,社科类
268,社会学,YOUTH & SOCIETY,A+,社科类
269,统计学,BAYESIAN ANALYSIS,A+,社科类
270,统计学,BIOMETRICAL JOURNAL,A+,社科类
271,统计学,COMPUTATIONAL STATISTICS & DATA ANALYSIS,A+,社科类
272,统计学,ELECTRONIC JOURNAL OF STATISTICS,A+,社科类
273,统计学,JOURNAL OF APPLIED PROBABILITY,A+,社科类
274,统计学,JOURNAL OF QUALITY TECHNOLOGY,A+,社科类
275,统计学,JOURNAL OF RISK AND INSURANCE,A+,社科类
276,统计学,JOURNAL OF TIME SERIES ANALYSIS,A+,社科类
277,统计学,METHODOLOGY AND COMPUTING IN APPLIED PROBABILITY,A+,社科类
278,统计学,R JOURNAL,A+,社科类
279,统计学,STATA JOURNAL,A+,社科类
280,统计学,STATISTICAL METHODS IN MEDICAL RESEARCH,A+,社科类
281,统计学,STATISTICAL MODELLING,A+,社科类
282,统计学,STOCHASTIC MODELS,A+,社科类
283,统计学,SOCIAL INDICATORS RESEARCH,A+,社科类
284,统计学,JOURNAL OF MACHINE LEARNING RESEARCH,A+,社科类
285,统计学,JOURNAL OF OFFICIAL STATISTICS,A+,社科类
286,统计学,STOCHASTIC PROCESSES AND THEIR APPLICATIONS,A+,社科类
287,统计学,SOCIO-ECONOMIC PLANNING SCIENCES,A+,社科类
288,统计学,JOURNAL OF SURVEY STATISTICS AND METHODOLOGY,A+,社科类
289,统计学,FUZZY SETS AND SYSTEMS,A+,社科类
290,统计学,SPATIAL STATISTICS,A+,社科类
291,统计学,JOURNAL OF STATISTICAL COMPUTATION AND SIMULATION,A+,社科类
292,统计学,SURVEY METHODOLOGY,A+,社科类
293,统计学,JOURNAL OF NONPARAMETRIC STATISTICS,A+,社科类
294,统计学,JOURNAL OF STATISTICAL PLANNING AND INFERENCE,A+,社科类
295,心理学,APPLIED PSYCHOLOGY-HEALTH AND WELL BEING,A+,社科类
296,心理学,CAREER DEVELOPMENT INTERNATIONAL,A+,社科类
297,心理学,COGNITION & EMOTION,A+,社科类
298,心理学,COGNITIVE SCIENCE,A+,社科类
299,心理学,COUNSELING PSYCHOLOGIST,A+,社科类
300,心理学,CULTURE & PSYCHOLOGY,A+,社科类
301,心理学,ERGONOMICS,A+,社科类
302,心理学,EUROPEAN JOURNAL OF PERSONALITY,A+,社科类
303,心理学,EUROPEAN JOURNAL OF WORK AND ORGANIZATIONAL PSYCHOLOGY,A+,社科类
304,心理学,GROUP PROCESSES & INTERGROUP RELATIONS,A+,社科类
305,心理学,JOURNAL OF BUSINESS AND PSYCHOLOGY,A+,社科类
306,心理学,JOURNAL OF CAREER ASSESSMENT,A+,社科类
307,心理学,JOURNAL OF CROSS-CULTURAL PSYCHOLOGY,A+,社科类
308,心理学,JOURNAL OF EXPERIMENTAL PSYCHOLOGY-APPLIED,A+,社科类
309,心理学,JOURNAL OF MANAGERIAL PSYCHOLOGY,A+,社科类
310,心理学,JOURNAL OF OCCUPATIONAL AND ORGANIZATIONAL PSYCHOLOGY,A+,社科类
311,心理学,JOURNAL OF OCCUPATIONAL HEALTH PSYCHOLOGY,A+,社科类
312,心理学,JOURNAL OF PERSONALITY ASSESSMENT,A+,社科类
313,心理学,JOURNAL OF PSYCHOLOGY,A+,社科类
314,心理学,JUDGMENT AND DECISION MAKING,A+,社科类
315,心理学,MOTIVATION AND EMOTION,A+,社科类
316,心理学,PERSONALITY AND INDIVIDUAL DIFFERENCES,A+,社科类
317,心理学,WORK AND STRESS,A+,社科类
318,艺术学,ARCHITECTURAL HISTORY,A+,社科类
319,艺术学,ART HISTORY,A+,社科类
320,艺术学,BURLINGTON MAGAZINE,A+,社科类
321,艺术学,INTERNATIONAL JOURNAL OF ART & DESIGN EDUCATION,A+,社科类
322,艺术学,JOURNAL OF AESTHETICS AND ART CRITICISM,A+,社科类
323,艺术学,JOURNAL OF THE WARBURG AND COURTAULD INSTITUTES,A+,社科类
324,艺术学,LEONARDO,A+,社科类
325,艺术学,MUSEUM INTERNATIONAL,A+,社科类
326,艺术学,MUSIC ANALYSIS,A+,社科类
327,艺术学,MUSIC THEORY SPECTRUM,A+,社科类
328,艺术学,TELEVISION & NEW MEDIA,A+,社科类
329,语言学,AM J SPEECH-LANG PAT,A+,社科类
330,语言学,AMERICAN LITERARY HISTORY,A+,社科类
331,语言学,APPLIED PSYCHOLINGUISTICS,A+,社科类
332,语言学,BEITRAGE ZUR GESCHICHTE DER DEUTSCHEN SPRACHE UND LITERATUR,A+,社科类
333,语言学,BOUNDARY 2-AN INTERNATIONAL JOURNAL OF LITERATURE AND CULTURE,A+,社科类
334,语言学,COGNITIVE LINGUISTICS,A+,社科类
335,语言学,COLLEGE ENGLISH,A+,社科类
336,语言学,COMPARATIVE LITERATURE,A+,社科类
337,语言学,COMPARATIVE LITERATURE STUDIES,A+,社科类
338,语言学,COMPUTATIONAL LINGUISTICS,A+,社科类
339,语言学,CONTEMPORARY LITERATURE,A+,社科类
340,语言学,CRITICISM-A QUARTERLY FOR LITERATURE AND THE ARTS,A+,社科类
341,语言学,DEUTSCHE VIERTELJAHRSSCH RIFT FUR LITERATURWISSEN SCHAFT UND GEISTESGESCHICHTE,A+,社科类
342,语言学,ENGL WORLD-WIDE,A+,社科类
343,语言学,ENGLISH FOR SPECIFIC PURPOSES,A+,社科类
344,语言学,FIRST LANGUAGE,A+,社科类
345,语言学,GERMAN QUARTERLY,A+,社科类
346,语言学,GERMANIC REVIEW,A+,社科类
347,语言学,HERMES-ZEITSCHRIFT FUR KLASSISCHE PHILOLOGIE,A+,社科类
348,语言学,HISPANIA-A JOURNAL DEVOTED TO THE TEACHING OF SPANISH AND PORTUGUESE,A+,社科类
349,语言学,INT J LANG COMM DIS,A+,社科类
350,语言学,INTERACTION STUDIES,A+,社科类
351,语言学,INTERNATIONAL JOURNAL OF BILINGUAL EDUCATION AND BILINGUALISM,A+,社科类
352,语言学,INTERNATIONAL JOURNAL OF BILINGUALISM,A+,社科类
353,语言学,INTERNATIONAL JOURNAL OF SPEECH-LANGUAGE PATHOLOGY,A+,社科类
354,语言学,J ENGL LINGUIST,A+,社科类
355,语言学,J MULTILING MULTICUL,A+,社科类
356,语言学,J SECOND LANG WRIT,A+,社科类
357,语言学,J SEMANT,A+,社科类
358,语言学,JOURNAL OF LINGUISTICS,A+,社科类
359,语言学,JOURNAL OF LITERARY SEMANTICS,A+,社科类
360,语言学,JOURNAL OF PRAGMATICS,A+,社科类
361,语言学,LANG SOC,A+,社科类
362,语言学,LANGUAGE,A+,社科类
363,语言学,LANGUAGE ACQUISITION,A+,社科类
364,语言学,LANGUAGE AND LITERATURE,A+,社科类
365,语言学,LANGUAGE LEARNING & TECHNOLOGY,A+,社科类
366,语言学,LANGUAGE TEACHING,A+,社科类
367,语言学,LANGUAGE TEACHING RESEARCH,A+,社科类
368,语言学,LANGUAGE VARIATION AND CHANGE,A+,社科类
369,语言学,LINGUIST INQ,A+,社科类
370,语言学,LINGUISTIC REVIEW,A+,社科类
371,语言学,LINGUISTICS,A+,社科类
372,语言学,LITERARY AND LINGUISTIC COMPUTING,A+,社科类
373,语言学,METAPHOR AND SYMBOL,A+,社科类
374,语言学,MIND LANG,A+,社科类
375,语言学,MODERN LANGUAGE QUARTERLY,A+,社科类
376,语言学,MODERN LANGUAGE REVIEW,A+,社科类
377,语言学,NAT LANG LINGUIST TH,A+,社科类
378,语言学,PAPERS ON LANGUAGE AND LITERATURE,A+,社科类
379,语言学,PHILOSOPHY AND LITERATURE,A+,社科类
380,语言学,PHONETICA,A+,社科类
381,语言学,PMLA-PUBLICATIONS OF THE MODERN LANGUAGE ASSOCIATION OF AMERICA,A+,社科类
382,语言学,POETICA - ZEITSCHRIFT FUR SPRACHE UND LITERATURWISSENSCHAFT,A+,社科类
383,语言学,POETICS,A+,社科类
384,语言学,POETICS TODAY,A+,社科类
385,语言学,RECALL,A+,社科类
386,语言学,SECOND LANGUAGE RESEARCH,A+,社科类
387,语言学,SOUTH ATLANTIC QUARTERLY,A+,社科类
388,语言学,STUDIES IN SECOND LANGUAGE ACQUISITION,A+,社科类
389,语言学,SYSTEM,A+,社科类
390,语言学,TEXT & KRITIK,A+,社科类
391,语言学,THEOR LINGUIST,A+,社科类
392,语言学,TOP LANG DISORD,A+,社科类
393,语言学,ZEITSCHRIFT FUR DEUTSCHE PHILOLOGIE,A+,社科类
394,语言学,ZEITSCHRIFT FUR DEUTSCHES ALTERTUM UND DEUTSCHE LITERATUR,A+,社科类
395,语言学,ZEITSCHRIFT FUR GERMANISTIK,A+,社科类
396,哲学,AMERICAN PHILOSOPHICAL QUARTERLY,A+,社科类
397,哲学,ANALYSIS,A+,社科类
398,哲学,ANCIENT PHILOSOPHY,A+,社科类
399,哲学,ASIAN PHILOSOPHY,A+,社科类
400,哲学,AUSTRALASIAN JOURNAL OF PHILOSOPHY,A+,社科类
401,哲学,BRITISH JOURNAL FOR THE PHILOSOPHY OF SCIENCE,A+,社科类
402,哲学,CANADIAN JOURNAL OF PHILOSOPHY,A+,社科类
403,哲学,"COGNITION, TECHNOLOGY AND WORK",A+,社科类
404,哲学,CONTEMPORARY CHINESE THOUGHT,A+,社科类
405,哲学,CONTINENTAL PHILOSOPHY REVIEW,A+,社科类
406,哲学,DAO-A JOURNAL OF COMPARATIVE PHILOSOPHY,A+,社科类
407,哲学,ERKENNTNIS,A+,社科类
408,哲学,EUROPEAN JOURNAL OF PHILOSOPHY,A+,社科类
409,哲学,INQUIRY (UNITED KINGDOM),A+,社科类
410,哲学,INTERNATIONAL JOURNAL OF SOCIAL ROBOTICS,A+,社科类
411,哲学,INTERNATIONAL THEORY,A+,社科类
412,哲学,JOURNAL OF APPLIED BEHAVIOR ANALYSIS,A+,社科类
413,哲学,JOURNAL OF PHILOSOPHICAL LOGIC,A+,社科类
414,哲学,JOURNAL OF PHILOSOPHICAL RESEARCH,A+,社科类
415,哲学,JOURNAL OF POLITICAL PHILOSOPHY,A+,社科类
416,哲学,JOURNAL OF SCHOOL HEALTH,A+,社科类
417,哲学,JOURNAL OF SOCIAL PHILOSOPHY,A+,社科类
418,哲学,JOURNAL OF SOCIOLINGUISTICS,A+,社科类
419,哲学,JOURNAL OF SYMBOLIC LOGIC,A+,社科类
420,哲学,JOURNAL OF THE AMERICAN PHILOSOPHICAL ASSOCIATION,A+,社科类
421,哲学,JOURNAL OF THE BRITISH SOCIETY FOR PHENOMENOLOGY,A+,社科类
422,哲学,JOURNAL OF THE HISTORY OF PHILOSOPHY,A+,社科类
423,哲学,JOURNAL OF THE PHILOSOPHY OF HISTORY,A+,社科类
424,哲学,KANT-STUDIEN,A+,社科类
425,哲学,KENNEDY INSTITUTE OF ETHICS JOURNAL,A+,社科类
426,哲学,LOGIC AND LOGICAL PHILOSOPHY,A+,社科类
427,哲学,MIND & LANGUAGE,A+,社科类
428,哲学,MINDS AND MACHINES,A+,社科类
429,哲学,NATURAL LANGUAGE SEMANTICS,A+,社科类
430,哲学,NOUS-SUPPLEMENT: PHILOSOPHICAL ISSUES,A+,社科类
431,哲学,NOUS-SUPPLEMENT: PHILOSOPHICAL PERSPECTIVES,A+,社科类
432,哲学,PACIFIC PHILOSOPHICAL QUARTERLY,A+,社科类
433,哲学,PHENOMENOLOGY AND THE COGNITIVE SCIENCES,A+,社科类
434,哲学,PHILOSOPHERS IMPRINT,A+,社科类
435,哲学,PHILOSOPHIA-INTERNATIONAL JOURNAL OF PHILOSOPHY,A+,社科类
436,哲学,PHILOSOPHICAL FORUM,A+,社科类
437,哲学,PHILOSOPHICAL INVESTIGATIONS,A+,社科类
438,哲学,PHILOSOPHICAL PERSPECTIVES,A+,社科类
439,哲学,PHILOSOPHICAL QUARTERLY,A+,社科类
440,哲学,PHILOSOPHICAL STUDIES,A+,社科类
441,哲学,PHILOSOPHY,A+,社科类
442,哲学,PHILOSOPHY & TECHNOLOGY,A+,社科类
443,哲学,PHILOSOPHY COMPASS,A+,社科类
444,哲学,PHILOSOPHY EAST & WEST,A+,社科类
445,哲学,PHILOSOPHY OF SCIENCE,A+,社科类
446,哲学,PHILOSOPHY OF THE SOCIAL SCIENCES,A+,社科类
447,哲学,PHRONESIS-A JOURNAL FOR ANCIENT PHILOSOPHY,A+,社科类
448,哲学,PROCEEDINGS OF THE ARISTOTELEAN SOCIETY,A+,社科类
449,哲学,REVIEW OF METAPHYSICS,A+,社科类
450,哲学,REVIEW OF SYMBOLIC LOGIC,A+,社科类
451,哲学,SCIENCE TECHNOLOGY AND HUMAN VALUES,A+,社科类
452,哲学,SOCIAL STUDIES OF SCIENCE,A+,社科类
453,哲学,SOPHIA,A+,社科类
454,哲学,SYNTHESE,A+,社科类
455,哲学,THEOLOGICA,A+,社科类
456,哲学,THINKING & REASONING,A+,社科类
457,哲学,THOUGHT,A+,社科类
1,食品科学与工程,ACS APPLIED MATERIALS & INTERFACES,A+,理工类
2,食品科学与工程,JOURNAL OF DAIRY SCIENCE,A+,理工类
3,食品科学与工程,MEAT SCIENCE,A+,理工类
4,食品科学与工程,INTERNATIONAL JOURNAL OF BIOLOGICAL MACROMOLECULES,A+,理工类
5,食品科学与工程,JOURNAL OF THE SCIENCE OF FOOD AND AGRICULTURE,A+,理工类
6,食品科学与工程,FOOD CHEMISTRY,A+,理工类
7,食品科学与工程,FOOD RESEARCH INTERNATIONAL,A+,理工类
8,食品科学与工程,JOURNAL OF FUNCTIONAL FOODS,A+,理工类
9,食品科学与工程,TRENDS IN FOOD SCIENCE & TECHNOLOGY,A+,理工类
10,食品科学与工程,LWT-FOOD SCIENCE AND TECHNOLOGY,A+,理工类
11,食品科学与工程,FOOD CONTROL,A+,理工类
12,食品科学与工程,CARBOHYDRATE POLYMERS,A+,理工类
13,食品科学与工程,JOURNAL OF FOOD ENGINEERING,A+,理工类
14,食品科学与工程,NPJ SCIENCE OF FOOD,A+,理工类
15,食品科学与工程,AQUACULTURE,A+,理工类
16,食品科学与工程,INDUSTRIAL CROPS AND PRODUCTS,A+,理工类
17,食品科学与工程,FOOD AND CHEMICAL TOXICOLOGY,A+,理工类
18,食品科学与工程,JOURNAL OF CONTROLLED RELEASE,A+,理工类
19,食品科学与工程,NANO RESEARCH,A+,理工类
20,食品科学与工程,FREE RADICAL BIOLOGY AND MEDICINE,A+,理工类
21,食品科学与工程,ACS SENSORS,A+,理工类
22,食品科学与工程,BIOMACRMOLECULES,A+,理工类
23,食品科学与工程,JOURNAL OF CELL BIOLOGY,A+,理工类
24,环境科学与工程,CHEMICAL COMMUNICATIONS,A+,理工类
25,环境科学与工程,JOURNAL OF ENVIRONMENTAL MANAGEMENT,A+,理工类
26,环境科学与工程,AQUATIC TOXICOLOGY,A+,理工类
27,环境科学与工程,ATMOSPHERIC ENVIRONMENT,A+,理工类
28,环境科学与工程,JOURNAL OF PHYSICAL CHEMISTRY C,A+,理工类
29,环境科学与工程,CARBON,A+,理工类
30,环境科学与工程,JOURNAL OF COLLOID AND INTERFACE SCIENCE,A+,理工类
31,环境科学与工程,ENVIRONMENTAL SCIENCE-NANO,A+,理工类
32,环境科学与工程,SEPARATION AND PURIFICATION TECHNOLOGY,A+,理工类
33,环境科学与工程,RESOURCES CONSERVATION AND RECYCLING,A+,理工类
34,环境科学与工程,JOURNAL OF POWER SOURCES,A+,理工类
35,环境科学与工程,BIOMATERIALS,A+,理工类
36,环境科学与工程,ENVIRONMENTAL MICROBIOLOGY,A+,理工类
37,环境科学与工程,INDOOR AIR,A+,理工类
38,环境科学与工程,CHEMISTRY OF MATERIALS,A+,理工类
39,环境科学与工程,ECOLOGY,A+,理工类
40,信息与通信工程,IEEE TRANSACTIONS ON CONTROL SYSTEMS TECHNOLOGY,A+,理工类
41,信息与通信工程,IEEE TRANSACTIONS ON SYSTEMS MAN CYBERNETICS-SYSTEMS,A+,理工类
42,信息与通信工程,PATTERN RECOGNITION,A+,理工类
43,信息与通信工程,IEEE TRANSACTIONS ON NETWORK AND SERVICE MANAGEMENT,A+,理工类
44,信息与通信工程,IEEE NETWORK,A+,理工类
45,信息与通信工程,IEEE TRANSACTIONS ON INDUSTRIAL ELECTRONICS,A+,理工类
46,信息与通信工程,IEEE INTERNET OF THINGS JOURNAL,A+,理工类
47,信息与通信工程,IEEE TRANSACTIONS ON CYBERNETICS,A+,理工类
48,信息与通信工程,IEEE TRANSACTIONS ON COGNITIVE COMMUNICATIONS AND NETWORKING,A+,理工类
49,信息与通信工程,IEEE TRANSACTIONS ON BROADCASTING,A+,理工类
50,物理学,APL PHOTONICS,A+,理工类
51,物理学,OPTICS AND LASERS IN ENGINEERING,A+,理工类
52,物理学,EPJ QUANTUM TECHNOLOGY,A+,理工类
53,物理学,NEW JOURNAL OF PHYSICS,A+,理工类
54,计算机科学技术,ACM TRANSACTIONS ON STORAGE,A+,理工类
55,计算机科学技术,IEEE TRANSACTIONS ON COMPUTER-AIDED DESIGN OF INTEGRATED CIRCUITS AND SYSTEMS,A+,理工类
56,计算机科学技术,ACM TRANSACTIONS ON INFORMATION SYSTEMS,A+,理工类
57,计算机科学技术,INFORMATION AND COMPUTATION,A+,理工类
58,计算机科学技术,INTERNATIONAL JOURNAL OF COMPUTER VISION,A+,理工类
59,计算机科学技术,INTERNATIONAL JOURNAL OF HUMAN-COMPUTER STUDIES,A+,理工类
60,计算机科学技术,ACM TRANSACTIONS ON ARCHITECTURE AND CODE OPTIMIZATION,A+,理工类
61,计算机科学技术,IEEE TRANSACTIONS ON MULTIMEDIA,A+,理工类
62,计算机科学技术,INFORMATION SCIENCES,A+,理工类
63,计算机科学技术,IEEE TRANSACTIONS ON INTELLIGENT TRANSPORTATION SYSTEMS,A+,理工类
64,计算机科学技术,CCF A类会议长文,A+,理工类
65,数学,DUKE MATHEMATICAL JOURNAL,A+,理工类
66,数学,SIAM JOURNAL ON NUMERICAL ANALYSIS,A+,理工类
67,数学,MATHEMATISCHE ANNALEN,A+,理工类
68,数学,MEMOIRS OF THE AMERICAN MATHEMATICAL SOCIETY,A+,理工类
69,数学,JOURNAL DE MATHEMATIQUES PURES ET APPLIQUEES,A+,理工类
70,数学,JOURNAL FUR DIE REINE UND ANGEWANDTE MATHEMATIK,A+,理工类
